{"price_mean": 345582.74354898534, "price_std": 171005.6913476945}